客户 ID,客户名称,细分,购买次数,总消费金额,贡献利润,平均利润率
徐婵-11005,徐婵,小型企业,19,82895.26000000001,20571.04,0.17891424954384721
田磊-16120,田磊,小型企业,20,77369.33400000002,10952.214,0.01735731299358681
刘明-18295,刘明,公司,33,68737.22800000003,17152.268,0.03744036891749969
武杰-14815,武杰,小型企业,14,68112.016,16571.576,0.2700357398729633
何惠-14395,何惠,公司,32,68061.53199999999,11266.052000000001,0.08622479459633656
涂丽-15955,涂丽,消费者,17,66122.448,20140.148,0.26780777347155815
范刚-13135,范刚,消费者,25,64604.51200000001,15648.191999999995,0.2059687289935662
彭娜-18550,彭娜,消费者,19,63495.123999999996,12104.623999999998,0.13021273901865893
邓惠-14470,邓惠,消费者,38,62389.263999999996,10597.243999999999,-0.029535098371206908
龙婷-21115,龙婷,公司,18,61513.75999999999,18768.820000000003,0.03959250573868964
韦达-11830,韦达侠,公司,21,61263.468,15421.027999999998,0.2104449341228766
黄磊-16000,黄磊,消费者,26,60376.736,4293.856,0.031103204772691087
潘荷-13735,潘荷,小型企业,28,59418.534000000014,17469.913999999997,0.18044883057686686
许绅-19960,许绅,消费者,27,58891.79799999999,10704.217999999999,0.1434700847022885
柯婵-10930,柯婵,小型企业,15,58437.708,8643.628,-0.16717335409812575
吕灵-17575,吕灵,消费者,23,57040.45200000001,13444.732,0.11064292427452299
秦淑-20440,秦淑芳,公司,26,56986.174,16061.094,0.14980113589789062
白忠-11515,白忠,消费者,27,56128.394,4892.874000000001,0.058662980181784966
贾柏-18910,贾柏,小型企业,33,56020.384,8501.444000000001,0.1621962527364862
卢谙-18805,卢谙,小型企业,26,54291.636000000006,-8552.544,-0.09436915364394387
蒋光-13360,蒋光,小型企业,30,53940.40400000001,9150.203999999996,0.13160132958498683
毛丽-16225,毛丽美,公司,23,53452.58800000001,9959.768000000004,0.19650533325938974
谭珊-19900,谭珊,消费者,25,52307.55600000001,9317.055999999999,0.02280283793735083
刘婵-10945,刘婵,消费者,23,52147.73199999999,6593.132,0.12209002766522381
陈惠-14290,陈惠英,小型企业,12,51592.827999999994,8442.448,0.1975519672991386
马惠-14335,马惠英,公司,17,51281.020000000004,-2197.7199999999957,-0.14146935462255475
牛惠-14410,牛惠,小型企业,26,50661.015999999996,-2813.6640000000007,-0.09028918693300156
郝升-20095,郝升,消费者,22,50041.768,4592.587999999999,-0.03925560968959895
佘平-19165,佘平,消费者,24,49782.348000000005,11913.467999999999,0.15947384083926608
邓保-10375,邓保,消费者,24,48892.144000000015,3858.3440000000014,0.11398472946253817
万达-11815,万达侠,公司,13,48822.074,8269.114000000001,0.1407681178101523
李康-15385,李康,消费者,24,48540.296,8998.556000000002,0.10274411499067153
陈晨-11095,陈晨,公司,20,47976.57200000001,991.1720000000007,0.07994377529083631
唐蔓-18010,唐蔓楚,公司,3,47540.115,-967.7850000000008,0.03752865859689353
薛关-15580,薛关茵,消费者,25,47104.988000000005,8279.908,0.10692441581355093
陶聪-11725,陶聪,消费者,25,47077.996,1237.0959999999993,-0.00862066062209504
涂珑-17875,涂珑,小型企业,18,46933.067999999985,10827.207999999999,0.24329573981278177
苏晒-19825,苏晒明,消费者,24,46358.115999999995,-7947.044000000002,-0.35090233170911644
洪黎-16345,洪黎明,消费者,23,45570.196,7232.176,0.21491693321796337
贾嫒-10030,贾嫒,公司,21,45494.848,3730.187999999998,0.1808725038895783
邵娜-18565,邵娜,小型企业,21,45357.368,16079.868,0.22727029061567247
白鹄-14050,白鹄,消费者,23,45223.10799999999,10871.588,0.2039482744282577
邓实-20245,邓实,消费者,14,45160.22000000001,245.1399999999992,0.08006162512423329
唐安-10240,唐安,消费者,19,45026.85600000001,10119.816,0.22486119285151918
姚彩-10765,姚彩,小型企业,14,44901.583999999995,-2136.596000000001,-0.04131009578436897
贺婉-21355,贺婉,公司,33,44715.636,804.215999999999,0.0014654107182245808
彭博-10555,彭博,公司,29,44515.88399999999,6798.343999999999,-0.017607410961933936
潘盛-20380,潘盛,消费者,19,44413.278000000006,13580.378,0.2897712380746015
贺斯-20935,贺斯云,消费者,24,44398.333000000006,9125.893000000002,0.17152946174266115
唐忠-11545,唐忠,公司,36,44336.6,7288.120000000001,0.1549815572962608
胡凤-12850,胡凤,消费者,19,43998.64000000001,1789.06,0.13183391176288692
彭伟-21550,彭伟,小型企业,30,43896.047999999995,2636.228,0.08460604734334834
徐虢-13600,徐虢,公司,25,43772.736000000004,7334.936000000001,0.18165523305738204
彭雯-21790,彭雯,消费者,12,42753.83,3519.25,0.10204573910179514
牛黎-16390,牛黎明,公司,17,42637.056000000004,4934.076,0.18528366455409784
曹冬-12445,曹冬露,消费者,27,42437.16400000001,1789.283999999999,0.09354311562408697
田江-14635,田江丽,公司,17,42368.473,11878.712999999998,0.2617868442932713
武明-18385,武明媚,消费者,15,42348.78199999999,595.7419999999996,-0.0024322652890939656
罗嫒-10060,罗嫒,小型企业,21,42256.802,5945.982,0.06197687657883272
麦实-20230,麦实,公司,13,42067.508,-2641.6320000000005,-0.16356301949961727
徐关-15655,徐关茵,公司,18,41628.97200000001,8502.871999999998,-0.0409772585790097
贺虹-13810,贺虹,公司,22,41466.754,-3443.986000000001,0.12058601731431057
范雯-21685,范雯,小型企业,19,41190.513000000006,4575.193,0.11982578374619894
冯丽-17350,冯丽丽,消费者,29,41012.46799999999,7578.088000000001,0.11814540167242296
任实-20200,任实,消费者,15,40937.568,5477.948,0.23118000636855543
周诚-11290,周诚,消费者,19,40890.248,5664.008,0.11872728137231989
苏磊-16090,苏磊,消费者,21,40603.64,12790.82,0.2620678597150763
冯婷-21040,冯婷,小型企业,15,39933.096000000005,2729.775999999998,0.08264071084788868
韦绅-20005,韦绅,消费者,24,39925.479999999996,2795.659999999999,-0.02065170682108659
林青-19600,林青,消费者,15,39782.036,2951.816,0.030465441499887124
常刚-13090,常刚,消费者,17,39758.026,7362.306,-0.009004502240768627
宋良-17170,宋良,公司,23,39627.280000000006,-226.6600000000004,0.015281714551556273
雷菊-15025,雷菊,消费者,18,39535.35599999999,6138.496000000002,0.08876529212660686
俞毅-12520,俞毅,消费者,19,39482.072,13380.472,0.13347127705472914
唐栋-12325,唐栋,小型企业,20,39435.032,9451.792,0.25704512049951816
秦芯-13915,秦芯,消费者,11,39394.25700000001,-2197.643,0.08074051223724743
任婵-10810,任婵娟,公司,19,39359.740000000005,6030.5,0.14668398522738602
龙谦-19300,龙谦,消费者,32,39044.334,-892.4860000000006,-0.038104711981055125
薛强-19330,薛强,消费者,14,39025.98,5782.98,0.2608692455027129
方惠-14350,方惠,消费者,17,38981.93599999999,6499.555999999999,0.11265972405774266
吴磊-16165,吴磊,公司,22,38949.288,815.8079999999995,-0.0246351659025823
韦华-14095,韦华,公司,17,38810.296,6973.596,0.16669410848781582
戴康-15415,戴康,消费者,18,38785.25,9634.170000000002,0.14522003973958564
康娇-14680,康娇,消费者,19,38343.676,-214.84399999999965,-0.12994179274351741
洪毅-12490,洪毅,公司,26,38331.29299999999,-667.8069999999991,-0.011351364399593474
韩凤-12820,韩凤,小型企业,7,38236.94,8930.74,0.2741106324067007
邱谦-19255,邱谦,公司,17,38200.623999999996,13648.404,0.21109311155764734
秦刚-13075,秦刚,公司,20,38163.048,-2512.9719999999998,-0.06850972374929117
谢斯-20950,谢斯云,公司,19,38145.82800000001,2860.088,-0.07988738270194565
佘凤-12955,佘凤,公司,19,38067.231999999996,7483.251999999999,0.12259034809055695
巩关-15595,巩关茵,公司,27,38048.723999999995,4562.124,0.06418609419934523
龚松-20710,龚松,小型企业,19,37960.72,3406.4799999999996,-0.053735536136292866
徐虹-13840,徐虹,公司,15,37727.88599999999,10691.786000000002,0.23992263495028238
邹伟-21610,邹伟,消费者,22,37696.62400000001,8360.323999999997,0.14910616819980824
巩辉-12595,巩辉,消费者,17,37623.011999999995,7337.092,0.22393653922504225
陶博-10570,陶博,消费者,26,36774.24799999999,6679.568000000001,0.05986894304976165
郭刚-13150,郭刚,公司,18,36764.83999999999,3001.18,0.044240937260153164
邹涛-21265,邹涛,公司,19,36750.958999999995,4869.598999999999,0.019114157835743377
倪爽-20545,倪爽,公司,19,36649.606,9935.086,0.20750846864486333
封乐-17740,封乐,消费者,21,36418.676,7073.556,0.15026937151084435
佘虢-13555,佘虢,公司,7,36264.928,4347.167999999999,0.23148561539654788
陶虢-13585,陶虢,公司,14,36232.64400000001,-114.71600000000093,-0.056579279313272626
罗霖-17530,罗霖,消费者,19,36226.064,5341.644000000001,0.3045938087198833
李丽-17365,李丽丽,消费者,19,36104.208,6536.067999999998,0.18472927032387593
范彩-10615,范彩,公司,20,36014.53799999999,1991.1779999999997,0.13123528896026776
俞蔓-18040,俞蔓楚,公司,14,35665.39200000001,-794.5280000000037,-0.05093545195960309
韦实-20275,韦实,消费者,15,35412.762,4022.2420000000006,0.09845999614669537
夏惠-14320,夏惠英,消费者,17,35395.976,8015.476,0.08554980166229073
殷宣-20920,殷宣,消费者,14,35259.84,2076.3399999999997,0.16415132975623054
施奇-11410,施奇,消费者,17,35068.852,6244.532000000001,0.0841369934220916
宋立-16840,宋立,消费者,18,35020.35600000001,2130.576,-0.13052874434680753
袁栋-12355,袁栋,消费者,15,34886.495,3357.935,0.2054713794987365
袁岱-11905,袁岱,小型企业,15,34883.352,7715.931999999999,0.16450794774565392
陶昌-11065,陶昌,消费者,21,34698.216,8849.315999999999,-0.06292610345075962
付松-20650,付松,公司,10,34682.536,7215.515999999998,0.10969097151092559
程安-10105,程安,消费者,23,34657.47600000001,7267.035999999999,0.10159855123711913
沈彩-10750,沈彩,消费者,20,34620.572,6444.032,0.10603268413526494
程宁-18640,程宁,公司,13,34572.636,7351.875999999999,0.24253014349055077
贺立-16780,贺立,公司,10,34567.988,-3816.512000000003,-0.35679099206279996
马晨-11185,马晨,公司,10,34474.916000000005,5175.435999999999,0.16153047719163144
庄伟-21460,庄伟,小型企业,25,34436.304000000004,10430.223999999997,0.25961160757892116
陈丽-17605,陈丽雪,公司,14,34424.236000000004,-2496.0040000000013,0.07793347006495066
麦虢-13510,麦虢,公司,17,34286.195999999996,2131.695999999999,0.0713981094926247
薛梦-18190,薛梦,消费者,18,34212.079999999994,10124.379999999997,0.17058902082432664
孙荷-13750,孙荷,公司,15,34189.372,7644.392,0.05008263112624885
葛彩-10660,葛彩,消费者,21,34010.41,7519.89,0.26327412911659
俞明-18325,俞明,消费者,14,33943.587999999996,10117.828000000001,0.2383127461989736
王辉-12670,王辉,消费者,11,33924.548,6225.268,0.20556958223646804
袁松-20785,袁松,消费者,23,33856.69,1810.6899999999982,-0.005637449001315363
钱宁-18655,钱宁,公司,18,33846.12,7844.479999999999,0.07161074596240485
赖虎-14035,赖虎,公司,19,33719.308000000005,2786.728,0.1344095878128413
潘涛-21205,潘涛,公司,22,33635.013999999996,1226.1339999999987,-0.06682550637266284
杨诚-11380,杨诚,公司,15,33598.11,7419.089999999999,0.2709055119442955
殷崆-15565,殷崆,消费者,18,33581.52,4995.2,0.1989946021731833
贺升-20110,贺升,消费者,13,33502.560000000005,-1687.840000000001,-0.5587338233516769
顾君-15220,顾君,公司,23,33432.587999999996,6173.048000000002,-0.008516350972706024
彭绅-19975,彭绅,公司,15,33370.708000000006,1925.0279999999998,0.04097777397886855
孟刚-13180,孟刚,公司,21,33202.68,5881.539999999999,0.11935291383882901
曹灵-17590,曹灵,公司,27,33157.334,746.9139999999961,0.019942188208118727
肖崆-15520,肖崆,消费者,20,33150.292,-6041.728000000002,-0.11476261077773127
殷昌-11080,殷昌,消费者,23,33123.174000000006,5963.313999999999,0.17990631142181188
徐君-15295,徐君,消费者,11,33110.196,2038.3160000000014,-0.22167517019525287
巩光-13435,巩光,消费者,24,32984.476,3614.576000000002,0.1558911285319691
肖保-10315,肖保,消费者,19,32850.412000000004,6677.692,0.22563910469120096
常升-20020,常升,消费者,26,32748.995999999996,-535.1640000000002,-0.05002913425634215
李蔓-17995,李蔓楚,小型企业,17,32748.968000000008,7317.968,0.0358511708005279
袁临-17485,袁临耀,消费者,11,32608.211999999996,7126.811999999999,0.07669596296007729
麦德-12085,麦德,公司,12,32529.728000000006,6702.248,0.2965566059560007
丁蔓-18025,丁蔓楚,消费者,12,32442.451999999997,5189.2119999999995,-0.2174088293398488
楚宣-20845,楚宣,消费者,19,32372.451999999997,11279.071999999998,0.2647972811168864
金诚-11260,金诚,消费者,11,32246.452,3546.312,0.14793413974659878
楚丽-17320,楚丽丽,小型企业,21,32170.936,-466.2839999999989,-0.012200042920842733
丁妮-18610,丁妮,公司,14,32163.180000000004,7596.54,0.10784037158064454
韦诚-11365,韦诚,公司,17,32140.584,8047.9839999999995,0.19449485846448852
刘斯-20965,刘斯云,公司,23,32119.892000000007,3085.4319999999993,0.21915865565354856
邵彩-10720,邵彩,小型企业,13,32012.316000000006,-722.6239999999998,5.5091354639564146e-05
常丽-16180,常丽华,消费者,16,32012.315999999995,5873.476000000001,0.2148520457056504
佘宁-18730,佘宁,消费者,14,31795.064000000002,4722.284,0.04272390860660564
柳明-18310,柳明,小型企业,21,31762.948,6242.208000000001,0.177125640585698
郭莲-17005,郭莲,消费者,17,31700.564,3872.063999999999,0.057751520937572826
韩莞-13255,韩莞颖,小型企业,10,31670.183999999997,4148.843999999999,0.23321976785630408
梁梦-18220,梁梦,消费者,9,31577.139999999996,2654.399999999999,0.17011549932998882
郝婷-21055,郝婷,消费者,12,31399.536000000007,3506.7759999999994,0.1280067039949778
朱丽-17335,朱丽丽,小型企业,17,31096.758,9892.217999999999,0.17468072621412256
薛婷-21070,薛婷,消费者,16,30950.024000000005,8382.584,0.19301477167107142
谢聪-11665,谢聪,消费者,12,30857.638,-3630.5219999999995,-0.10511201343908731
吕关-15640,吕关茵,小型企业,13,30761.668000000005,6728.988000000001,0.19676561858554
谷莲-16990,谷莲,公司,9,30608.2,11839.380000000001,0.31059705195410076
佘莲-17050,佘莲,消费者,10,30386.496000000003,4641.616,0.08458192867124162
钱珊-19855,钱珊,公司,14,30117.948,5574.967999999999,0.2083269329169663
孙梦-18250,孙梦,公司,13,30094.932,6212.3319999999985,0.10533876095033647
孙诚-11320,孙诚,消费者,21,29942.976000000006,4610.536,0.03297594641550619
涂安-10285,涂安,公司,19,29894.871999999992,5280.492000000001,0.059940023980752155
钟立-16720,钟立,消费者,19,29861.104,-5531.455999999998,-0.09185419962635562
王立-16585,王立勤,公司,11,29841.559999999998,7931.84,0.22863173958045427
何根-13225,何根基,公司,9,29803.451999999997,6549.312,0.18906675333575992
杨立-16600,杨立勤,公司,22,29710.94,6030.78,0.22731884311044748
韩丽-16195,韩丽华,消费者,11,29601.145000000004,3996.265,0.19495425721906867
冯立-16735,冯立,消费者,18,29329.216,-2982.924,0.060407942428635675
洪梦-18205,洪梦,公司,15,29296.316,7983.415999999999,0.22430483819791142
邓达-11785,邓达侠,消费者,17,29250.452000000005,3362.072,0.14866666756604854
叶实-20290,叶实,公司,13,29059.632,3986.4720000000007,0.15107024351879067
葛毅-12505,葛毅,消费者,10,28809.760000000002,7094.359999999999,0.21061761077277308
邢德-12160,邢德伟,消费者,17,28525.196,4636.156,0.1264353292637274
柯强-19360,柯强,消费者,13,28520.065000000002,3394.405000000001,0.09952238177410838
邵兰-15715,邵兰,消费者,19,28492.156000000003,8711.416000000001,0.17063663533974685
邹丽-17680,邹丽雪,小型企业,16,28413.588,4366.9079999999985,0.115224652785415
夏明-18355,夏明媚,公司,22,28379.953000000005,3912.713,0.020181856904520196
巩珑-17845,巩珑,消费者,15,28379.820000000003,6236.58,0.1987233249369242
郝立-16570,郝立勤,消费者,26,28240.688,1097.3479999999995,0.1407579067089639
刘立-16810,刘立,消费者,28,28229.376000000004,5569.395999999999,0.20256749799207202
黄盛-20350,黄盛,小型企业,8,28217.868000000002,-2184.671999999999,0.2569054249349441
武欢-14260,武欢,小型企业,19,28080.304000000004,4511.164000000001,0.20899198748162395
黄涛-21190,黄涛,小型企业,23,28001.260000000002,7483.98,0.27554865900662917
巩达-11770,巩达侠,消费者,18,27968.024,8741.403999999999,0.23115926846629675
白婵-10975,白婵,公司,17,27909.727999999996,635.9080000000002,0.15996746896787137
贾伟-21415,贾伟,消费者,16,27837.376000000004,5395.236000000001,0.16057528389070122
余凤-13060,余凤,消费者,16,27805.666,6348.565999999999,0.035764386631290127
施丽-17380,施丽丽,公司,10,27776.168,2919.4480000000003,-0.09623743075259913
麦虢-13525,麦虢,公司,12,27750.505999999998,619.4860000000018,-0.004114254482404045
曹欢-14200,曹欢悦,小型企业,25,27683.347999999998,5209.7080000000005,0.05858696145124323
蔡安-10270,蔡安,消费者,14,27492.528,1157.2680000000005,-0.13834778956666516
秦蔓-17920,秦蔓楚,消费者,16,27472.907,5335.967,0.22202296215908696
李彩-10675,李彩,消费者,18,27439.300000000003,5623.799999999999,0.24304994746605585
邢宁-18715,邢宁,公司,13,27391.616,203.7560000000003,0.08267092409497685
贾丹-11920,贾丹,消费者,11,27369.251,4835.551000000002,0.18571001300003565
薛君-15205,薛君,消费者,23,27337.688000000002,2796.107999999999,-0.11915398188807567
曾伟-21595,曾伟,消费者,9,27336.4,4287.500000000001,0.1293735289282688
袁梅-18130,袁梅,公司,22,27309.520000000004,4094.0200000000004,0.16952087668212787
谢丽-17635,谢丽雪,公司,13,27277.004999999997,6765.045,0.33901157957384576
秦君-15175,秦君,小型企业,13,27240.444,3843.644,0.07195256621204146
倪芬-12790,倪芬,小型企业,19,27224.694,2450.294,0.14153531820862503
钟宣-20860,钟宣,公司,23,27206.703999999994,4624.423999999999,0.12693911329873386
倪乐-17800,倪乐,小型企业,14,27199.899999999998,-3846.7799999999997,0.019277344554646417
王丹-12010,王丹,消费者,18,27189.82,-8053.919999999998,-0.17724252889939224
施菊-15040,施菊,消费者,14,27143.34,10543.960000000003,0.20893681175693088
侯虹-13825,侯虹,公司,9,27106.967999999997,4631.788,0.08600647224446081
余婵-11020,余婵,公司,28,27079.023999999998,2539.9639999999995,0.08979526477539579
贺平-19105,贺平,消费者,14,26928.048,4225.3679999999995,0.18566282673970294
陶巧-19495,陶巧,消费者,16,26701.647,5671.407000000001,0.15778816804901094
徐菊-15070,徐菊,消费者,17,26632.059999999994,6073.76,0.06875739683454062
唐爽-20560,唐爽,小型企业,18,26604.507999999998,5487.608,0.23234574819857093
龙娜-18535,龙娜,公司,9,26583.200000000004,7143.08,-0.02369790788124016
赖芳-12715,赖芳茵,公司,12,26559.82,10293.92,0.13300932528717357
余嫒-10075,余嫒,公司,20,26449.724,7059.444,0.22062937700508778
郝绅-19930,郝绅,消费者,10,26402.52999999999,996.4500000000013,0.16410675210696846
潘丽-16240,潘丽美,公司,14,26384.008,5221.048000000001,0.21066672149199386
许莞-13270,许莞颖,小型企业,14,26265.652000000006,4966.332,0.2534536216073578
付立-16750,付立,消费者,17,26259.015999999996,3693.816000000001,0.10005043799234484
陶恒-13645,陶恒,消费者,12,26231.408,3724.5879999999997,0.14849067573112798
黎雯-21745,黎雯,公司,16,26197.22,-4411.82,-0.11161692562211045
肖良-17125,肖良,消费者,19,26040.574,3610.334,0.1662218109413493
邓姝-20500,邓姝,消费者,18,26002.956000000002,2064.3559999999998,0.22392011530135594
余晨-11230,余晨,消费者,8,25996.516000000003,7738.136,-0.10111459686034928
巩虢-13495,巩虢,公司,12,25984.895999999997,1813.1959999999995,0.024246834752908373
施立-16690,施立伟,公司,24,25939.941999999995,5755.021999999999,0.25563429218156
钱珑-17830,钱珑,消费者,11,25868.08,49.699999999999534,0.023898209983290467
贺恒-13630,贺恒,消费者,15,25816.979999999996,3361.6799999999976,0.1468710911085268
廖宣-20905,廖宣,消费者,21,25813.956000000002,1198.1760000000002,0.025354816133164308
苏姝-20485,苏姝,小型企业,17,25788.28,9171.960000000001,0.27903406049717355
秦黎-16300,秦黎明,公司,13,25775.204,4948.804,0.1857774615049151
陶武-21880,陶武,公司,20,25682.04799999999,1614.228,0.22114873628350679
葛欢-14215,葛欢,公司,21,25501.224000000006,-6827.856000000002,-0.27265060245323836
严珑-17890,严珑,小型企业,12,25246.724999999995,4856.284999999999,0.2120986001889186
陶德-12220,陶德伟,消费者,12,25243.539999999994,1833.7199999999998,-0.11565192376809001
付荣-19690,付荣,消费者,11,25243.456,4322.836,0.11132822079080205
薛磊-15985,薛磊,消费者,14,25135.067999999996,2095.4080000000004,0.10923894707847227
涂伟-21640,涂伟,消费者,18,25114.865999999998,3681.4259999999995,0.12598198935083482
徐黎-16330,徐黎明,公司,10,25004.896,2064.6359999999986,0.15648339464316438
田谙-18865,田谙,消费者,15,24862.6,1538.1799999999992,0.03839045674408602
殷凤-13030,殷凤,小型企业,18,24684.968,3410.5679999999998,0.23991806032201068
曹娜-18580,曹娜,公司,14,24668.209999999995,-144.68999999999912,0.13635300644340023
薛立-16675,薛立伟,公司,12,24630.564000000002,4777.583999999999,0.18284131380808544
康丽-15850,康丽,消费者,12,24569.888,1917.608,0.14695463693011215
叶琪-19225,叶琪,消费者,11,24568.572,5265.512000000001,0.11441223308307934
陈忠-11470,陈忠,公司,9,24514.756,-2083.2840000000006,0.015359178625769077
邱谦-19240,邱谦,消费者,12,24511.76,-2120.579999999999,0.0623590652509703
洪强-19345,洪强,公司,21,24508.596000000005,3540.236000000001,0.035485745687633324
葛蔓-17980,葛蔓楚,公司,14,24501.203999999998,7585.703999999999,0.20429362324965847
廖保-10345,廖保,公司,15,24391.163999999997,4230.044,-0.002878846887081051
方栋-12280,方栋,消费者,13,24272.22,8582.14,0.2310774370049123
田谙-18850,田谙,消费者,17,24190.32,209.30000000000084,0.008526146784036733
白锦-14905,白锦,消费者,8,24118.864,1829.884,0.07162215373941119
黄娟-15130,黄娟,消费者,9,24105.564000000002,4967.844,0.17376516899197514
楚伟-21445,楚伟,公司,13,24018.127,7511.707,0.19796382276885613
赖聪-11680,赖聪,消费者,15,23963.968,-1967.672,-0.11626377222493173
任杰-14755,任杰,消费者,13,23950.219999999998,7024.780000000001,0.22870237068170274
顾升-20125,顾升,小型企业,20,23864.567999999996,4303.768,0.07538158671473585
佘升-20170,佘升,消费者,15,23859.387999999995,3190.068,0.11317599684061837
邵伟-21565,邵伟,公司,20,23716.868,6558.607999999998,0.1746080739342531
熊光-13390,熊光,小型企业,19,23697.1,6527.079999999999,0.2167273286159146
柯丽-15880,柯丽,消费者,8,23686.180000000004,2301.04,0.2208762650688299
廖乐-17770,廖乐,消费者,11,23659.845999999994,3180.5060000000003,0.20018519484647615
周柏-18925,周柏,小型企业,15,23654.567999999996,159.3479999999982,-0.33925313165174853
杨健-14605,杨健,消费者,24,23628.570000000003,6402.41,0.1609859615455425
郭升-20140,郭升,公司,11,23580.703999999998,7442.764000000001,-0.05992380770358998
邱芯-13930,邱芯,消费者,13,23456.915999999994,2764.356,0.14136934669926615
冯娜-18460,冯娜,公司,19,23378.292,7646.912000000001,0.16111805008802188
袁平-19210,袁平,公司,14,23289.811999999998,4456.451999999999,0.17609534219430573
杨欢-14275,杨欢,公司,19,23280.908000000003,2217.9079999999994,0.020215350089558708
段强-19420,段强,公司,21,23208.807999999997,-3239.4320000000007,-0.3405629410726856
许凤-12835,许凤,公司,14,23204.496000000003,6428.436000000001,0.03362191809689618
孟斯-20980,孟斯云,公司,15,23180.416000000005,4898.376,0.2209365876642248
康丽-15865,康丽,消费者,13,23164.82,4044.18,0.16623625621918367
贺婵-10915,贺婵,消费者,9,23130.743999999995,2643.5639999999994,-0.3003713364035898
潘惠-14425,潘惠,消费者,14,22999.116,3970.1759999999995,0.20585945321390958
严盛-20410,严盛,消费者,11,22981.559999999998,-4147.499999999999,0.11717360555644966
邱秋-11575,邱秋,公司,10,22897.028,2053.408,0.06317426839493065
麦虹-13855,麦虹,公司,18,22893.262,5694.122,0.3005643973229942
巩德-12070,巩德,小型企业,19,22783.586,3653.986,0.0864709086008746
林德-12175,林德伟,公司,17,22594.824,159.40400000000096,0.06772823088894586
郝柏-18940,郝柏,消费者,18,22451.576000000005,5032.215999999999,0.21044694859077587
佟崆-15550,佟崆,小型企业,14,22425.311999999998,4068.3719999999994,0.09599178285356122
涂博-10585,涂博,消费者,21,22369.032,1950.8720000000008,0.1009025506661763
施黎-16435,施黎明,消费者,11,22270.220000000005,6919.639999999998,0.2651197598245943
夏芯-13960,夏芯,消费者,16,22262.583000000002,1146.6629999999996,0.05734864371581344
袁丽-16555,袁丽娜,公司,10,22244.627999999997,7290.667999999999,0.0381858561828857
韦君-15310,韦君,公司,7,22180.9,-1063.3,0.026144868903807027
严聪-11740,严聪,消费者,15,22080.604,895.104,0.1124898445161976
邵绅-19990,邵绅,消费者,15,22039.752000000004,2756.432,-0.055592972605030926
佘丽-15925,佘丽,消费者,8,21851.508,6784.988,0.2064889258781375
万虹-13900,万虹,消费者,13,21633.947999999997,-1418.872,0.045009747473534895
范宁-18685,范宁,小型企业,7,21548.324,6915.944,0.05211684001368794
洪康-15370,洪康,消费者,13,21539.924000000003,4977.084,-0.010776731577593382
曾岱-11890,曾岱,消费者,13,21469.336,2190.3559999999998,0.190469114737088
周康-15340,周康,消费者,25,21388.730999999996,-806.3089999999997,0.07499329429757921
黄磊-16015,黄磊,消费者,16,21374.864,2046.7439999999992,-0.26953085042835095
万冬-12460,万冬露,消费者,14,21343.559999999994,5650.259999999999,0.24893390200329832
钱涛-21145,钱涛,公司,12,21065.519999999997,676.2000000000005,-0.0875348311994808
梁安-10195,梁安,公司,22,21023.016000000003,4906.915999999998,0.2211737701854041
余丽-16540,余丽娜,消费者,12,20986.532,5013.7919999999995,0.20746793159883428
曹琼-19675,曹琼,小型企业,20,20985.719999999998,4789.680000000001,0.21580786563428195
陈健-14545,陈健,公司,19,20894.019999999997,2172.52,0.19759626079600864
康青-19585,康青,消费者,11,20845.188,4090.267999999999,0.2252691703092569
钟丽-15760,钟丽,小型企业,13,20833.008,6314.028000000001,-0.0012400972398481924
卢壁-10450,卢壁,消费者,15,20799.408000000003,119.02799999999985,0.1025916186532494
毛保-10360,毛保,公司,15,20782.552000000003,-1687.1679999999988,0.07108076325713505
常宣-20800,常宣,消费者,13,20763.707999999995,-7725.4519999999975,-0.045156835396219556
袁丽-16210,袁丽华,公司,23,20736.744,3801.924,0.1812795064215027
程聪-11620,程聪,消费者,15,20679.847999999998,-4697.111999999998,0.06516445280153339
邵黎-16405,邵黎明,小型企业,10,20617.967999999997,3498.4880000000003,0.04927433618592051
熊丽-15805,熊丽,公司,10,20510.336000000003,4124.1759999999995,0.17072510944545582
陶惠-14440,陶惠,消费者,14,20447.14,7455.9800000000005,0.21191003411014145
赵婵-10885,赵婵,消费者,10,20406.064000000002,4066.2439999999997,0.16248343153415967
袁德-12130,袁德,消费者,15,20326.516000000003,2821.056,0.10088423765423826
白斯-20995,白斯云,消费者,16,20291.208000000002,2069.368,0.16927668523596195
陶丽-17665,陶丽雪,公司,18,20247.416,3797.416,-0.3315536052985619
麦平-19150,麦平,消费者,14,20246.156000000003,3297.616,-0.3381296066803371
陈爽-20515,陈爽,小型企业,15,20212.332000000002,4630.052,0.16554216879746167
彭欢-14230,彭欢,公司,13,20088.796,6360.115999999999,0.23779094060622155
徐健-14590,徐健,公司,8,20071.211999999996,4710.272000000001,0.10841014263003801
俞丹-12025,俞丹,消费者,15,20027.896,-379.4839999999999,0.044481772875565616
谢君-15190,谢君,消费者,11,20012.496,5816.216000000001,0.28141135073851137
楚虢-13465,楚虢,消费者,9,19986.26,4131.12,0.21918778856301627
龙锦-14875,龙锦,小型企业,15,19762.288,3107.4680000000003,-0.18576458749117786
佘凤-12970,佘凤,公司,9,19743.465000000007,5335.084999999999,0.2588009139753551
白德-12205,白德伟,消费者,15,19717.376,3569.636,0.1601329556706643
顾黎-16360,顾黎明,消费者,12,19656.755999999998,3638.656,-0.04489518939872756
殷莲-17110,殷莲,消费者,12,19600.49,1764.49,0.2080280915251721
万莞-13330,万莞颖,消费者,15,19507.74,5667.34,0.178457569375174
殷菊-15085,殷菊,消费者,13,19456.415999999997,6228.236000000001,0.28576545035889506
田丹-11995,田丹,消费者,16,19454.568000000003,3540.768,0.1771171576400939
潘谙-18820,潘谙,消费者,8,19404.616,-190.34399999999997,0.11644035052026938
潘健-14575,潘健,消费者,16,19373.088000000003,1080.9679999999996,-0.08787071744722905
邱丽-15745,邱丽,消费者,10,19346.739999999998,4618.46,0.31448159186464714
何娇-14650,何娇,公司,3,19325.488,7141.008,0.24913208695281674
廖松-20725,廖松,消费者,5,19289.06,6598.62,0.24347374652235568
叶柏-19030,叶柏,公司,15,19173.364,4448.584000000001,0.2505097001188806
涂强-19405,涂强,消费者,6,19012.811999999998,-2827.607999999999,-0.035228278275654494
彭丽-17650,彭丽雪,小型企业,19,18863.6,2445.9399999999996,0.19831020892600057
顾莲-16975,顾莲,小型企业,11,18842.572,-1774.1080000000013,-0.03153300075499186
牛晒-19810,牛晒明,小型企业,17,18793.712000000003,5149.1720000000005,0.23889828314851697
白聪-11695,白聪,公司,8,18788.672,2971.612,0.09528078353765329
熊宣-20875,熊宣,消费者,10,18716.208,2924.488,-0.08328882584288588
殷保-10390,殷保,消费者,10,18696.244000000002,1172.444,0.046736959719434076
施良-17155,施良,消费者,20,18675.832,3095.932,0.1115551455555794
沈婷-21130,沈婷,消费者,6,18674.123999999996,-1798.9159999999993,-0.06572619146593246
贺宁-18700,贺宁,消费者,15,18589.395999999993,3360.896,0.1527656101736013
丁崆-15535,丁崆,消费者,11,18581.36,4416.02,0.04700611571360591
罗君-15235,罗君,消费者,21,18563.131999999998,4383.512000000001,0.2868774254342817
夏柏-18955,夏柏,小型企业,14,18528.818000000003,3894.6179999999995,-0.0819725960303309
田良-17185,田良,消费者,11,18417.924,3638.8240000000005,0.1481255113718219
范晒-19780,范晒明,消费者,14,18411.12,2198.979999999999,0.0958512340646854
卢欢-14125,卢欢悦,小型企业,10,18400.018000000004,5337.878,0.2603308761044597
范娜-18445,范娜,小型企业,12,18328.296,939.0359999999996,0.1453928940022015
姚凤-13015,姚凤,消费者,12,18242.728,-6657.112,-0.21301606519618896
刘乐-17785,刘乐,公司,11,18193.000000000004,-2544.500000000001,0.049766568747894445
钟庆-19510,钟庆缘,小型企业,12,18187.119999999995,664.1599999999999,0.1431341721937792
郝廉-17260,郝廉,消费者,11,18184.656000000003,4855.956,0.10343959227692126
郝壁-10420,郝壁,公司,16,18094.412,4817.652,0.14515900582615063
苏涛-21220,苏涛,消费者,14,18049.136000000002,-4308.163999999999,-0.11328903201280534
邱廉-17200,邱廉,公司,15,18044.572,76.97199999999984,0.12428417822724527
陶莞-13315,陶莞颖,消费者,13,17972.213,4440.093000000002,0.18810748650001333
徐虎-14020,徐虎,消费者,12,17968.86,5729.92,0.3010607761375987
杨晨-11215,杨晨,小型企业,12,17895.528000000002,4588.807999999999,-0.13826593722673752
孙斯-21010,孙斯云,消费者,14,17877.327999999994,2495.528,-0.09656844143516848
吕兰-15700,吕兰,消费者,17,17851.721999999998,4644.821999999999,0.2346739071160322
陈娟-15100,陈娟,消费者,8,17822.363999999998,4634.504,0.19888133994638016
秦宁-18670,秦宁,消费者,18,17814.104000000003,1313.1439999999998,0.10391459870614134
邱博-10495,邱博,公司,8,17690.624,85.06399999999974,0.13522626652848768
陈锦-14830,陈锦,公司,10,17576.579999999998,3047.5199999999986,0.20139990414602787
许娜-18490,许娜,小型企业,10,17544.912,1817.3119999999988,0.19010460079110164
孟虢-13540,孟虢,消费者,10,17534.02,5093.759999999999,0.2605445670230656
顾丹-11965,顾丹,公司,13,17529.595999999998,3728.816,0.17354881876603034
贺鹏-19045,贺鹏,小型企业,14,17525.606,3619.8259999999996,0.21750459914623518
戴珑-17860,戴珑,公司,11,17505.404000000002,1572.704,0.09189631962077102
孔关-15610,孔关茵,公司,10,17443.859999999997,4455.499999999999,0.10608094395219456
宋栋-12310,宋栋,公司,10,17438.904,2170.2239999999997,0.17261263786358277
常君-15145,常君,公司,11,17435.208,2469.0679999999998,0.15604159327124997
白松-20740,白松,小型企业,12,17431.092,2657.172,0.23368261054048312
唐婉-21385,唐婉,小型企业,15,17410.315999999995,-1754.2839999999999,0.035781345603217656
冯青-19570,冯青,消费者,13,17398.528,2152.6679999999988,0.01886570966145649
孙谙-18835,孙谙,公司,14,17333.890000000003,2411.2899999999995,0.15965856755267166
倪幂-18085,倪幂,消费者,17,17332.280000000002,3976.8400000000006,0.23789949085806306
施旺-21400,施旺,消费者,9,17248.532,2029.272,0.17155481943155249
蒋安-10120,蒋安,小型企业,11,17243.688,1453.2279999999998,0.11161659264941394
罗婵-10960,罗婵,消费者,8,17239.292,4897.732000000001,0.238960140062336
肖冬-12400,肖冬露,小型企业,8,17219.076,2480.1560000000004,0.12276723063106663
程雯-21655,程雯,消费者,8,17218.74,3581.3399999999997,0.2391296914458913
贺伟-21490,贺伟,消费者,11,17174.528,2186.1279999999992,0.0739037217744804
廖立-16795,廖立,小型企业,12,17079.384000000002,5154.044000000001,0.2318961276364564
吕婵-10840,吕婵娟,消费者,9,17072.16,3776.64,0.13814347761673956
郭博-10525,郭博,公司,10,17053.834000000003,2015.4539999999997,0.18602805885044835
殷丽-17695,殷丽雪,消费者,10,17051.86,3889.2,0.20540378764247508
贺晨-11125,贺晨,小型企业,11,17030.72,-1493.2400000000011,-0.12886885460954411
林磊-16045,林磊,小型企业,13,16920.204,3402.2239999999993,0.16354698069507959
曹丽-15940,曹丽,小型企业,14,16869.86,4130.28,0.21789410935228123
孟伟-21535,孟伟,小型企业,10,16753.744,3842.944,0.044609625081427864
楚松-20605,楚松,消费者,7,16743.818,3377.7380000000003,0.17083006445878673
孟珊-19885,孟珊,公司,9,16739.715999999997,3655.455999999999,0.23553864627055177
巩嫒-10045,巩嫒,公司,21,16720.788000000004,4437.328,0.21833441792481273
钱伟-21430,钱伟,公司,14,16710.96,3849.4399999999996,0.22820686861544645
秦诚-11245,秦诚,公司,13,16651.404,4265.044000000001,0.24803083283574365
邱梦-18160,邱梦,消费者,15,16541.839999999997,-1415.679999999999,-0.25575786847236376
曾康-15445,曾康,消费者,13,16526.048000000003,3713.668,0.13274426671546388
涂德-12235,涂德伟,消费者,7,16508.205,4240.704999999999,0.1977322237429562
任梅-18115,任梅,小型企业,12,16415.336,1740.5359999999996,-0.20933051136539524
邹妮-18625,邹妮,公司,12,16330.047999999999,3249.708,0.08119998723009138
陈磊-15970,陈磊,消费者,14,16302.607999999997,3761.408,0.16804249949923866
范谙-18760,范谙,消费者,9,16142.882,5156.661999999999,0.18204760816492785
郝廉-17245,郝廉,消费者,13,16117.080000000002,3899.0000000000005,0.23647803233992876
陈莲-16930,陈莲,公司,9,16048.34,4815.58,0.27345716832496575
冯松-20635,冯松,公司,6,16048.06,4058.0400000000004,0.12628412030914235
曹伟-21580,曹伟,消费者,15,16036.580000000002,445.20000000000016,0.09345818008248914
贺锦-14845,贺锦,消费者,16,16030.840000000004,-294.28000000000026,-0.0030847844108536806
施平-19180,施平,小型企业,12,15972.124,1892.604,0.09246767584103739
常康-15325,常康,公司,14,15937.411000000002,2125.430999999999,0.09626138173433466
吕君-15250,吕君,消费者,15,15887.956,-1758.7640000000001,-0.02523033045032067
徐安-10150,徐安,消费者,7,15880.648,3203.788,0.15237079919756438
巩荷-13720,巩荷,消费者,15,15879.836000000005,397.0959999999988,-0.09400323480928233
陈婉-21340,陈婉,消费者,8,15875.552,2447.0319999999997,0.06757051458739541
卢芳-12775,卢芳,消费者,14,15830.920000000002,3840.3399999999997,0.22429576630284323
常盛-20305,常盛,消费者,16,15815.716000000002,2400.6360000000004,0.13090238765549284
林丹-11980,林丹,消费者,14,15810.032,-2415.0280000000002,-0.10548995587984826
薛健-14560,薛健,公司,11,15792.14,6389.04,0.2720432269094047
贺兰-15685,贺兰,公司,13,15790.628,1398.0679999999995,0.12956926292633045
邹雯-21820,邹雯,消费者,7,15789.578,1739.598,0.21112780888969104
常明-18340,常明媚,消费者,16,15766.8,-1109.5,-0.0009992408457778629
林康-15400,林康,公司,12,15735.3,4782.539999999999,0.29594839700678044
陈霖-17500,陈霖,消费者,11,15730.68,4171.3,0.08878350136700797
任婵-10795,任婵娟,公司,6,15655.220000000001,5771.360000000001,0.24725476424028722
贾彩-10600,贾彩,公司,17,15571.416,2494.576,0.08069568817598859
周诚-11275,周诚,公司,13,15513.372,2212.251999999999,-0.17522035067048988
余舟-11455,余舟,小型企业,12,15513.288,2595.488,-0.1337730823376639
韩虎-14005,韩虎,小型企业,14,15450.777999999998,-2562.0420000000004,-0.009216142304642643
谭乐-17815,谭乐,消费者,14,15396.786999999998,2159.9269999999997,0.16047437050254237
马莲-17035,马莲,公司,7,15344.0,1738.6600000000003,0.1364432542886654
巩廉-17275,巩廉,消费者,8,15267.56,6754.860000000001,0.30634081226173104
尹凤-13045,尹凤,公司,11,15224.439999999999,1193.2199999999996,0.011287088973345447
傅晨-11110,傅晨,公司,11,15192.351999999999,1260.9520000000002,0.06004322985353106
戴立-16885,戴立,消费者,14,15175.160000000002,3870.1599999999994,0.24588726256293555
邢谦-19270,邢谦,公司,15,15135.063999999998,1586.5639999999999,0.20610046929904152
巩荣-19735,巩荣,消费者,15,15014.467999999997,1131.7880000000005,0.18970968400843988
廖珊-19870,廖珊,小型企业,14,14923.103999999998,354.9839999999999,0.11085394254957946
熊荣-19720,熊荣,消费者,10,14739.171999999999,696.6119999999999,0.10989317866837041
蒋宣-20830,蒋宣,消费者,11,14681.604000000003,1127.7839999999997,-0.038056768261160896
付丽-15790,付丽,消费者,10,14672.840000000004,2189.1800000000003,0.20295828655532677
韩莲-16960,韩莲,小型企业,6,14548.800000000001,370.44000000000005,0.058538447497483555
徐岱-11875,徐岱,公司,12,14547.372000000001,1967.2519999999997,0.20373598021765252
邵鹏-19075,邵鹏,消费者,21,14522.872,2220.6519999999996,0.023695017030747362
叶莲-17095,叶莲,消费者,8,14473.759999999997,1255.9399999999998,0.16317349168784465
陈翠-11755,陈翠,消费者,6,14470.96,5573.68,-0.22641922387031546
蔡菊-15055,蔡菊,消费者,10,14410.452,-2934.2880000000005,-0.2791142239021677
黄岱-11860,黄岱,消费者,14,14319.284,3740.6039999999994,0.023946569971996703
贺鹏-19060,贺鹏,小型企业,10,14262.975999999997,3511.816,0.19241044148920036
吕欢-14140,吕欢悦,小型企业,11,14225.484,1686.9439999999995,-0.005182989009111213
孙壁-10465,孙壁,消费者,16,14219.071999999998,1911.9519999999998,-0.01814576203961816
邵黎-16420,邵黎明,公司,8,14204.26,1351.4199999999998,0.14678158277119363
邢伟-21505,邢伟,消费者,10,14144.102,2615.662,0.10125806984567473
丁娇-14695,丁娇,公司,8,14108.444000000001,-2484.7760000000007,-0.25121902823904246
林关-15625,林关茵,消费者,11,14104.943999999998,2377.004,0.20493830731863916
邢毅-12475,邢毅,消费者,16,14090.524,191.60399999999981,-0.025787464411560566
潘莞-13285,潘莞颖,消费者,4,14076.916,3689.4759999999997,0.04798451579193208
余德-12100,余德,小型企业,15,14008.624,2072.924,0.13263685074712667
钱婵-10780,钱婵娟,公司,15,14006.58,2582.58,0.24344063153870596
马锦-14890,马锦,公司,10,13994.063999999998,3336.144,0.20763304667819654
马雯-21760,马雯,公司,6,13977.039999999999,2470.3000000000006,0.21776639005489504
黄娜-18505,黄娜,消费者,14,13878.984,-729.3160000000005,-0.15760974806151812
陈昌-11035,陈昌,消费者,11,13815.732000000002,1139.152,0.12506613412915582
杨栋-12340,杨栋,公司,7,13734.293999999996,-894.0260000000003,0.0606382327118287
付霖-17515,付霖,公司,5,13717.704,4436.544,0.09274246574520413
戴虎-14065,戴虎,消费者,11,13687.24,2187.6399999999994,0.21933360312707537
邱德-12055,邱德,小型企业,12,13641.011999999999,3096.912,0.2291997915779449
潘琼-19630,潘琼,公司,9,13621.887999999999,446.4879999999996,-0.1685009267644709
毛芯-13975,毛芯,公司,7,13545.868,2737.5879999999997,0.30731938230041317
邱明-18280,邱明,公司,11,13520.724,5188.064000000001,0.2971568860912233
邓珊-19915,邓珊,消费者,8,13479.788,2141.188,0.007544371413284467
廖保-10330,廖保,消费者,14,13451.703999999998,4012.9040000000005,0.23274757347729924
戴松-20755,戴松,公司,16,13450.724,2329.964,0.05171389961209283
戴壁-10480,戴壁,消费者,7,13437.2,3604.4399999999996,0.15745794404164679
邱丽-17620,邱丽雪,公司,14,13426.167999999994,1917.8879999999995,0.13471524310283137
贾君-15160,贾君,消费者,16,13393.884000000002,2460.5839999999994,0.047893945893468154
田丽-16270,田丽美,消费者,11,13391.279999999999,2817.0800000000004,0.12769141441883122
林谦-19285,林谦,消费者,12,13377.98,2266.04,0.044627109761976036
韦磊-16135,韦磊,小型企业,11,13351.947,-2578.793,-0.11052599423415722
白立-16660,白立荣,消费者,10,13342.196,-1257.9839999999992,-0.20757783471461186
沈光-13450,沈光,小型企业,10,13208.335000000001,3385.5150000000003,0.20420199958915544
夏彩-10645,夏彩,消费者,15,13180.286,908.726,0.10525950590182961
贺丹-11950,贺丹,消费者,7,13162.576000000001,-712.1239999999987,0.14431619182333913
韦立-16915,韦立,消费者,10,13071.323999999997,806.9040000000009,-0.005133869199680863
邱升-20035,邱升,小型企业,9,13050.38,1653.6799999999998,0.15659311053384511
孙雯-21805,孙雯,公司,7,13036.743999999999,-2418.276,-0.36670054115001477
孔辉-12610,孔辉,公司,14,13030.136,-3069.1639999999993,0.03103889038012894
罗琼-19615,罗琼,消费者,14,13026.999999999998,4700.92,0.2238422232171932
严诚-11395,严诚,公司,8,13023.332,-913.5279999999999,0.05393111481604398
郭冬-12415,郭冬露,消费者,7,12983.320000000002,3725.6800000000003,0.004960581981210402
唐宁-18745,唐宁,公司,10,12968.284,-2718.2960000000003,-0.1781286323607248
邹凤-13000,邹凤,消费者,15,12966.967999999999,3586.688,0.21735786566565313
樊彩-10630,樊彩,小型企业,16,12956.831999999997,2988.551999999999,-0.07203429435593513
徐谙-18880,徐谙,消费者,8,12942.72,3727.6399999999994,0.2609786979763631
马丽-15910,马丽,消费者,13,12897.975999999997,443.1560000000001,0.10952567390060869
赵幂-18055,赵幂,消费者,14,12850.488000000001,-4471.992,-0.3816858468770336
万兰-15730,万兰,消费者,12,12837.72,318.3599999999999,0.09239990998950998
涂辉-12655,涂辉,小型企业,12,12793.76,547.5400000000001,0.014980357389898677
郝惠-14380,郝惠,消费者,9,12735.716000000002,3484.516,0.13748843004218014
潘锦-14920,潘锦,消费者,12,12693.968,1475.6279999999992,-0.06223323366135395
白欢-14245,白欢,小型企业,15,12646.508,892.5279999999997,0.07683398240975854
李黎-16375,李黎明,小型企业,11,12642.503999999999,1972.824,0.0990782206930883
马盛-20365,马盛,消费者,6,12544.756,-827.344000000001,0.07485737425062451
余雯-21835,余雯,消费者,8,12532.743999999999,1528.6040000000003,-0.571028823089807
常光-13345,常光,公司,14,12465.011999999999,411.712,0.15575936110515096
陶惠-14455,陶惠,小型企业,10,12398.735999999999,1855.476,0.14623610751170268
何安-10135,何安,小型企业,11,12272.707999999999,2437.288,0.020110927640970878
武廷-21310,武廷,消费者,8,12248.768,-1740.5919999999999,-0.03573637170605449
罗安-10210,罗安,消费者,9,12169.416000000001,1067.2759999999998,0.13636397319382465
常黎-16315,常黎明,消费者,7,12142.199999999999,2307.2000000000003,0.2517772000023974
邓立-16900,邓立,消费者,8,12126.072,3360.6719999999996,0.19187149700336237
段杰-14800,段杰,公司,9,12122.46,3543.96,0.26515439590233975
潘雯-21775,潘雯,公司,13,12115.403999999999,1919.3439999999994,0.09228081413177949
邢柏-18970,邢柏,小型企业,13,12102.244,39.42399999999901,-0.31873360848969245
许根-13240,许根基,小型企业,20,12045.291999999998,1691.4520000000002,0.07966210006477858
杨德-12250,杨德伟,公司,7,12043.331999999999,324.7719999999991,0.1824949827492198
徐嘉-14515,徐嘉丽,消费者,5,12039.748,-173.43200000000002,0.14346467297916815
马荣-19750,马荣,消费者,11,12005.335999999998,2263.7160000000003,0.07239916689800012
谭君-15265,谭君,公司,8,12004.72,2935.24,-0.14447569954593664
袁康-15475,袁康,消费者,5,11969.439999999999,3907.2599999999998,0.3073011584212046
胡锦-14860,胡锦,公司,7,11928.784,403.9840000000001,0.15256783356563045
赵盛-20320,赵盛,小型企业,6,11825.66,2284.8,0.1930462316522027
邢良-17140,邢良,消费者,9,11804.828000000001,-1268.2320000000009,0.008677031705179509
夏光-13375,夏光,消费者,12,11791.038,2304.2179999999994,0.1763080443807844
严恒-13660,严恒,消费者,13,11708.844000000001,-249.53600000000006,-0.20356679291526197
程蔓-17935,程蔓楚,消费者,8,11618.18,1734.88,0.11352742859436445
范恒-13615,范恒,消费者,9,11600.539999999999,1001.9800000000001,0.03366388317169792
施梦-18235,施梦,公司,9,11566.926000000001,-613.634,0.11244735841279792
余毅-12535,余毅,公司,19,11488.596,1487.5560000000003,0.1363334867607018
马丽-16480,马丽娜,消费者,9,11460.54,2546.04,0.24402568599206795
黄婷-21085,黄婷,消费者,7,11411.652000000002,1923.992,0.09980079576452623
李谙-18775,李谙,小型企业,8,11387.123999999998,-2521.036,0.09599063564639485
薛娇-14665,薛娇,消费者,11,11354.391999999998,1254.652,0.16677321113220003
苏冬-12430,苏冬露,小型企业,19,11321.940000000002,2874.9000000000005,0.2017138102471749
曾幂-18100,曾幂,消费者,9,11313.679999999998,266.5600000000002,0.11272632630882098
任临-17440,任临耀,公司,10,11292.876,-3782.6040000000007,0.03889141703647565
曹丽-16510,曹丽娜,消费者,6,11290.104000000001,-2345.476000000001,0.0035845667648998583
田武-21895,田武,公司,12,11289.628,615.6079999999993,0.06875042497977861
付惠-14365,付惠,公司,8,11178.719999999998,1087.5199999999998,0.08975276186393924
袁荣-19765,袁荣,公司,9,11173.596000000001,1453.6759999999992,-0.19821967460044754
肖壁-10435,肖壁,小型企业,8,11155.76,2111.76,0.2797483418251686
袁丽-16285,袁丽美,小型企业,6,11138.54,3994.4800000000005,0.2594001867854246
冯莲-16945,冯莲,公司,9,11135.992000000002,206.89200000000008,-0.0717833352190848
曹达-11800,曹达侠,小型企业,10,11113.928,-483.25199999999995,0.039219905466569824
赵升-20065,赵升,消费者,10,11087.530999999999,1972.831,0.13954924569668645
何晨-11140,何晨,消费者,8,11083.212,2050.1320000000005,0.14925540837611947
付涛-21160,付涛,公司,11,11069.66,1457.6800000000003,0.18917449938424813
彭虹-13870,彭虹,消费者,6,11066.776,856.8559999999999,0.14668548690720903
何芯-13945,何芯,消费者,6,11052.160000000002,554.9599999999999,-0.21583250461339223
田立-16870,田立,消费者,5,11050.62,485.5200000000001,-0.08427600964543866
邱升-20080,邱升,消费者,19,10979.583999999999,1932.0839999999996,0.08552334474552818
曾辉-12640,曾辉,消费者,10,10961.272,-183.98799999999983,-0.12095829051079707
肖菊-15010,肖菊,公司,12,10955.405999999999,733.1659999999999,0.09795813945475408
邱刚-13120,邱刚,公司,13,10952.172000000002,2851.492,0.2099179903786756
武廉-17305,武廉,消费者,7,10949.539999999997,-5127.639999999998,-0.6035476180403822
薛博-10510,薛博,消费者,11,10938.956,3322.536,0.27151983548987735
曹柏-19000,曹柏,小型企业,6,10851.54,3138.0999999999995,0.22251521216037715
薛柏-18985,薛柏,小型企业,11,10845.625,3401.825,0.24275969114923646
彭婉-21370,彭婉,公司,11,10820.627999999999,871.808,0.060878236804293245
孙辉-12625,孙辉,小型企业,7,10699.22,1.4000000000000767,0.17021869147550173
肖岱-11845,肖岱,公司,11,10698.184000000001,596.7639999999998,0.11162481265726436
马凤-12925,马凤,消费者,5,10681.440000000002,4117.12,0.33180538543880256
巩晒-19795,巩晒明,小型企业,13,10659.124,2368.6040000000003,0.15263195948417918
黄康-15355,黄康,消费者,13,10556.826000000001,2545.0460000000003,0.2028759043763742
袁保-10405,袁保,公司,14,10547.851999999999,1730.092,0.19573900094768656
谭琼-19660,谭琼,小型企业,8,10465.027999999998,1685.0680000000004,0.06560468120858004
谭临-17455,谭临耀,消费者,7,10427.900000000001,-4692.800000000002,-0.5804115011952832
唐凤-12985,唐凤,消费者,8,10364.872,1931.692,0.17179198448455604
田丽-16495,田丽娜,公司,8,10359.538,335.2579999999996,-0.3499049618867077
范立-16630,范立荣,公司,3,10321.583999999999,-5716.396000000001,-0.300098219212126
陶盛-20395,陶盛,消费者,12,10283.392,75.43200000000002,-0.3114938925977219
黄丽-15820,黄丽,消费者,14,10283.000000000002,1608.32,0.09722442144120247
叶立-16615,叶立勤,公司,7,10199.035,1550.1149999999998,0.07326776552713744
徐芬-12805,徐芬,公司,7,10161.423999999999,-1489.6560000000002,0.07301638787013756
牛德-12190,牛德伟,消费者,8,10117.436000000002,1305.5559999999996,0.0687952787904777
楚聪-11635,楚聪,消费者,8,10113.488,1940.008,-0.032263214602491964
顾磊-16030,顾磊,消费者,9,10111.556,2173.4159999999997,0.1989306183908274
孔松-20695,孔松,公司,11,10100.019999999999,2421.8599999999997,0.29276126860716456
巩明-18370,巩明媚,消费者,6,10093.776000000002,-509.1239999999998,0.070909080440433
付芳-12700,付芳茵,小型企业,12,10068.856000000003,1081.4159999999995,0.03140990403766638
邓康-15430,邓康,消费者,6,9956.24,2711.3799999999997,0.17958270611250524
洪光-13420,洪光,公司,11,9947.98,2565.36,0.21298499964920262
田妮-18595,田妮,小型企业,7,9930.032,360.892,0.11485257952966353
田黎-16450,田黎明,公司,10,9880.164000000002,1851.1640000000002,0.255590401228622
曹鹏-19090,曹鹏,消费者,7,9870.952,3377.752,-0.0461025493994208
陈嫒-10015,陈嫒,消费者,17,9743.299999999997,2173.3599999999997,0.21100235012292634
徐谙-18895,徐谙,消费者,10,9715.076000000001,-823.0039999999999,-0.16922682299588224
毛升-20155,毛升,小型企业,5,9693.655999999999,1378.9160000000008,0.1489032973045909
柯娜-18520,柯娜,消费者,12,9683.716,382.8159999999998,0.11491124607278734
雷木-18415,雷木兰,消费者,10,9671.256000000001,1299.116,0.07692246554699231
佘巧-19480,佘巧,消费者,9,9639.84,444.5,0.16826181737221962
佟丽-16525,佟丽娜,消费者,8,9636.34,2161.46,0.29701406210871145
殷珑-17905,殷珑,公司,8,9625.140000000001,1785.4199999999998,0.14485969425369657
吕欢-14155,吕欢悦,消费者,17,9624.944,-243.65599999999972,-0.3359754318676641
陈荷-13675,陈荷,小型企业,7,9540.243999999997,878.1640000000002,-0.3217647393336947
熊晨-11155,熊晨,消费者,8,9507.54,4301.08,0.40200301892407725
丁武-21925,丁武,消费者,10,9480.492000000002,2004.632,0.2832147975500306
徐杰-14740,徐杰,公司,13,9457.0,964.18,-0.03545650736331055
冯巧-19450,冯巧,消费者,7,9450.755999999998,-374.724,-0.004655156987074416
黄芳-12760,黄芳,公司,9,9437.035999999998,3516.856,0.16714272662337432
邹实-20260,邹实,公司,6,9420.935999999998,496.63599999999997,0.14696167405560054
佟虹-13885,佟虹,小型企业,12,9414.019999999999,-1189.02,-0.11930365797185176
楚娟-15115,楚娟,消费者,10,9403.24,-1224.3000000000004,0.04435245970943996
薛光-13405,薛光,消费者,13,9376.807999999999,102.36800000000014,0.11024961929002525
贺舟-11425,贺舟,消费者,8,9371.544,1311.1840000000002,0.0785161841588137
俞晒-19840,俞晒明,消费者,10,9347.380000000001,2584.9600000000005,0.30743940122828556
毛刚-13165,毛刚,消费者,13,9343.6,349.5799999999999,-0.2162905845047542
曾惠-14485,曾惠,公司,5,9233.055999999999,-1697.024,0.03353769796529589
唐欢-14170,唐欢悦,消费者,10,9161.235999999999,-1734.5440000000003,0.04492159262653997
黄丽-15835,黄丽,消费者,4,9114.56,-2942.8,-0.0519281262489044
邢盛-20335,邢盛,消费者,19,9095.100000000002,1005.4800000000001,0.031096316476128275
谭忠-11560,谭忠,小型企业,4,9067.939999999999,2747.64,0.21935305314757497
靳刚-13105,靳刚,公司,1,9015.72,540.54,0.05995527811422715
洪华-14080,洪华,公司,9,8898.54,2576.5599999999995,0.28593794437886194
任灵-17560,任灵,小型企业,9,8835.707999999999,1346.1279999999992,0.12998178068275645
宋忠-11530,宋忠,小型企业,10,8825.488,1438.388,0.254025834025143
钱崆-15490,钱崆,消费者,8,8774.696000000002,-1108.464000000001,0.07167518444374173
薛荷-13705,薛荷,公司,7,8766.044000000002,-2776.396,-0.0733242217959471
郝立-16765,郝立,消费者,6,8762.796,1274.8959999999993,0.07864143088346291
林谙-18790,林谙,小型企业,8,8726.312,-685.328,0.09434101212454706
钟松-20620,钟松,公司,12,8655.696000000002,791.6160000000001,-0.17949018667065667
谭立-16855,谭立,公司,16,8588.383999999998,-842.1559999999998,-0.2256376887704103
薛武-21865,薛武,消费者,6,8585.108,77.7280000000004,0.11545079748791798
彭琼-19645,彭琼,公司,8,8565.172,2656.892,0.1845167289111194
罗昌-11050,罗昌,公司,9,8550.052000000001,-3121.188,-0.6652427800342925
姚柏-19015,姚柏,消费者,6,8506.119999999999,2470.3,0.15992927684249525
王霖-17545,王霖,小型企业,11,8432.032000000001,213.3320000000001,0.04869286547405672
苏婵-10855,苏婵娟,消费者,10,8429.820000000002,2249.3799999999997,0.21527218590704908
田诚-11335,田诚,小型企业,7,8389.164,-101.83600000000018,-0.0917649909762043
蔡晨-11200,蔡晨,消费者,8,8329.552,549.8919999999999,-0.42864437866838934
苏升-20185,苏升,消费者,7,8245.608000000002,449.14799999999997,0.010028830294708971
龙廷-21295,龙廷,消费者,13,8214.485999999999,1367.3659999999998,0.19460054139648725
施强-19390,施强,消费者,11,8197.504,-204.17600000000016,0.05065838644234504
邵杰-14770,邵杰,小型企业,7,8101.94,-356.29999999999995,0.13937283743460993
赵德-12145,赵德伟,消费者,10,8072.792,-1164.6879999999999,0.060343582195928815
薛芳-12745,薛芳,公司,10,8070.0199999999995,1405.8799999999997,-0.22559420324114873
陶莞-13300,陶莞颖,公司,9,8013.18,2734.34,0.27925498322186115
白立-16825,白立,公司,6,7953.12,1346.1,0.23454869502476272
潘彩-10690,潘彩,公司,7,7898.603999999999,-2943.6960000000004,-0.15890740862931624
韩廉-17230,韩廉,消费者,16,7888.860000000001,1609.58,0.2974406181528466
常松-20575,常松,消费者,7,7879.816,1320.2559999999999,0.004607681511574273
马实-20215,马实,消费者,9,7549.835999999999,-1441.104,-0.8890225242593481
邓秋-11590,邓秋,公司,8,7540.1759999999995,-290.86400000000043,0.06777609334504807
潘舟-11440,潘舟,消费者,7,7533.932,2240.9519999999998,0.25585298109426446
田淑-20470,田淑芳,消费者,6,7528.668000000001,265.1879999999996,-0.3130605839401802
韦锦-14950,韦锦,消费者,9,7524.299999999999,1512.9800000000002,0.1835615655186382
贾松-20590,贾松,消费者,9,7521.64,2242.9400000000005,0.29703327137568103
袁敬-14980,袁敬,消费者,4,7473.592,843.1919999999999,0.09363137024907175
王嘉-14530,王嘉丽,公司,6,7398.5239999999985,-2791.376,-0.15206308436006444
姚秋-11605,姚秋,消费者,9,7387.912,-624.0080000000003,0.020200275640766922
卢伟-21520,卢伟,消费者,14,7326.732000000001,2366.112,0.2736703892470571
陈安-10090,陈安,消费者,7,7308.672,1573.9919999999997,0.2097720669704589
陶磊-16105,陶磊,公司,6,7296.94,2716.4199999999996,0.28985171800843895
俞荷-13780,俞荷,消费者,13,7290.388,107.26799999999957,-0.20176356799338052
许安-10165,许安,消费者,6,7281.9879999999985,1826.6079999999995,0.28766145240778457
潘磊-16075,潘磊,消费者,6,7263.508000000001,-211.3720000000001,0.07702805235994035
巩松-20680,巩松,小型企业,4,7252.9800000000005,785.26,0.21412021303202516
洪辉-12580,洪辉,小型企业,7,7221.900000000001,1369.3400000000001,0.2895793187025619
程德-12040,程德,小型企业,7,7200.759999999999,1808.1000000000004,0.27420229438003346
俞平-19195,俞平,小型企业,8,7174.692000000001,146.69200000000004,0.1004718229008319
卢爽-20530,卢爽,消费者,4,7143.4439999999995,-1798.216,-0.37156713757726584
秦梦-18145,秦梦,消费者,6,7131.179999999999,2812.4599999999996,0.3564200783684615
巩嘉-14500,巩嘉丽,消费者,8,7127.987999999999,-964.9919999999997,-0.4968216336656903
王敬-14965,王敬,公司,10,7078.876,501.2559999999994,-0.48012614060782643
田安-10255,田安,小型企业,5,6975.780000000001,-4592.14,-1.8246346035674061
胡宣-20890,胡宣,公司,5,6921.068,2551.9480000000003,0.13531461371815362
程根-13210,程根基,消费者,8,6814.36,-2212.28,0.0034925646652179156
袁关-15670,袁关茵,消费者,6,6782.804,1789.844,0.1968929060211575
冯丽-15775,冯丽,消费者,6,6781.7119999999995,592.4519999999997,-0.32966765289444616
方蔓-17950,方蔓楚,消费者,10,6774.795999999999,756.6159999999998,0.11121516740927043
贾廉-17215,贾廉,消费者,9,6745.844000000001,937.9439999999998,-0.20755576388490077
彭彩-10705,彭彩,消费者,4,6726.971999999999,1617.672,0.23717425793719765
秦乐-17710,秦乐,消费者,5,6720.419999999999,1418.76,0.2235022197283619
许辉-12565,许辉,消费者,7,6697.88,1609.3000000000002,0.21929205982178587
林凤-12895,林凤,消费者,4,6697.152,-2630.0679999999993,-0.3501867665138319
麦忠-11500,麦忠,消费者,8,6682.004000000001,916.3839999999998,0.18677348552718953
常崆-15505,常崆,消费者,7,6670.664000000001,1122.744,0.17452303856520412
钟伟-21475,钟伟,小型企业,7,6664.1399999999985,1845.62,0.26529858679112667
袁廷-21325,袁廷,消费者,2,6625.219999999999,2524.62,0.29473014751035587
韩杰-14725,韩杰,消费者,7,6589.5199999999995,999.4600000000003,0.2124184486351679
徐荷-13765,徐荷,公司,10,6473.068,-1524.9919999999997,-0.1872037849765885
佟斯-21025,佟斯云,小型企业,7,6289.499999999999,-1222.7600000000004,-0.21142587174334718
徐丽-17395,徐丽丽,公司,3,6218.5199999999995,2428.3,0.36948796090000585
苏江-14620,苏江丽,公司,9,6214.7119999999995,753.5920000000001,0.15139597270211344
高凤-12865,高凤,消费者,6,6132.28,-972.3,-0.05686771283666545
蒋雯-21670,蒋雯,消费者,5,6117.271999999999,1883.532,0.24864001192942667
巩安-10180,巩安,小型企业,5,6092.6320000000005,1665.972,0.23053815891551924
蔡梦-18265,蔡梦,消费者,6,5985.168000000001,588.7280000000001,0.14956336354944044
陈宣-20815,陈宣,公司,9,5890.5,-110.04000000000016,0.038584862576604796
潘博-10540,潘博,消费者,6,5877.619999999999,-6.720000000000144,0.09395109126072777
柯婷-21100,柯婷,消费者,14,5848.471999999999,916.832,0.12413731182673658
夏松-20665,夏松,小型企业,4,5830.02,1366.5399999999997,0.23308518303565273
楚杰-14710,楚杰,消费者,14,5777.352,-495.90800000000013,-0.469035365106789
葛乐-17755,葛乐,小型企业,5,5765.060000000001,1699.4600000000005,0.22946244980129796
蒋冬-12370,蒋冬露,消费者,9,5756.407999999999,1876.8680000000002,0.17070221455002196
常惠-14305,常惠英,消费者,8,5641.412,1399.692,0.1645385598431933
夏平-19120,夏平,消费者,9,5638.527999999999,336.44799999999987,0.09908678591770048
麦磊-16060,麦磊,消费者,9,5586.895999999999,1099.896,0.18464568881410245
沈聪-11710,沈聪,消费者,11,5557.524000000001,-782.0960000000008,-0.014158234122250651
丁君-15280,丁君,消费者,5,5236.924,-382.67600000000033,-0.12750725927382608
冯乐-17725,冯乐,消费者,5,5110.616,1343.216,-0.007911359195558553
万刚-13195,万刚,公司,6,4965.128,409.948,0.1660945124067379
付聪-11650,付聪,公司,5,4846.463999999999,791.084,0.0600824618559608
程欢-14110,程欢悦,消费者,7,4811.24,986.44,0.2609740065518898
戴武-21910,戴武,消费者,6,4772.46,727.86,0.2896163612506688
吕丽-15895,吕丽,公司,2,4753.14,1665.3000000000002,0.21443038245907892
胡晨-11170,胡晨,小型企业,4,4740.036,-1328.2640000000004,-0.22652161789797914
卢淑-20455,卢淑芳,消费者,7,4717.16,983.6399999999999,0.2567277105218949
袁德-12115,袁德,消费者,4,4670.988,-991.4520000000001,-0.1270899668955131
李莲-17020,李莲,消费者,5,4654.860000000001,1456.1399999999999,0.2730898153110141
田临-17470,田临耀,小型企业,3,4595.92,1721.44,0.2527922799335986
钟虹-13795,钟虹,小型企业,5,4564.644,918.0640000000001,0.1889410339257586
王庆-19555,王庆缘,消费者,8,4502.372,281.3719999999999,0.13444095964759015
殷康-15460,殷康,公司,5,4486.523999999999,329.36399999999975,-0.06918395336801507
汤欢-14185,汤欢悦,消费者,9,4424.252,85.65200000000006,-0.15349375474986238
沈强-19375,沈强,消费者,6,4316.255999999999,876.0359999999998,0.24122629290573816
徐伟-21625,徐伟,消费者,4,4281.563999999999,845.124,0.23640834286827378
贺荣-19705,贺荣,小型企业,4,4194.820000000001,779.38,0.2573186673399231
贺绅-19945,贺绅,消费者,7,4116.5599999999995,999.74,0.17992213637445403
邓黎-16465,邓黎明,消费者,6,4105.612,644.5319999999999,0.10605293014785035
白栋-12295,白栋,消费者,6,4091.4719999999998,-1144.948,-0.19821756409636437
夏娜-18475,夏娜,小型企业,2,4040.6800000000003,1226.4,0.29984550515215874
韦松-20770,韦松,公司,7,4003.216,-16.46400000000005,0.08112059118598977
谢雯-21700,谢雯,小型企业,10,3998.455999999999,-226.74399999999986,-0.02619122519441009
施莲-17065,施莲,消费者,5,3904.18,1640.3799999999999,0.3411562323308736
熊临-17410,熊临耀,消费者,9,3858.176,699.636,0.1570839095554472
沈虢-13570,沈虢,消费者,6,3750.4320000000002,625.4920000000001,0.08122349342949288
彭安-10225,彭安,公司,5,3729.6,421.53999999999996,-0.03490373995829097
钟忠-11485,钟忠,小型企业,5,3652.6560000000004,206.83599999999996,0.13356277169918931
周木-18400,周木兰,消费者,6,3640.728,130.92799999999983,-0.019250343572794065
佘彩-10735,佘彩,消费者,7,3535.84,200.61999999999995,0.1387985632979941
武磊-16150,武磊,公司,4,3498.8239999999996,-923.4959999999999,-0.17501598123406595
夏梦-18175,夏梦,小型企业,5,3322.9,109.48,0.12461393419430693
邢立-16645,邢立荣,消费者,5,3291.008,83.60799999999959,-0.0757368573873066
林廉-17290,林廉,小型企业,2,3254.0200000000004,639.94,0.17477466411320114
赵强-19315,赵强,消费者,7,3203.8439999999996,914.9839999999999,0.11863515404972004
柯巧-19465,柯巧,小型企业,3,3178.0,877.52,0.2497886998115144
徐莲-17080,徐莲,消费者,6,3170.076,-238.36400000000003,-0.04589742604856578
钱幂-18070,钱幂,小型企业,7,3150.336,255.83599999999993,0.16491691583641618
徐蔓-17965,徐蔓楚,公司,8,3120.6000000000004,799.1200000000001,0.2326869190894862
陈虎-13990,陈虎,消费者,6,2964.6119999999996,-425.34800000000007,0.00536069668804683
邱荷-13690,邱荷,消费者,10,2955.96,329.70000000000005,0.1367540496949644
丁婵-10990,丁婵,公司,3,2854.0119999999997,-1056.468,-0.09060848610417217
李雯-21730,李雯,小型企业,2,2831.136,111.21600000000001,-1.0100946084139366
郝涛-21175,郝涛,公司,7,2596.44,239.95999999999992,0.14378271839491422
曾锦-14935,曾锦,公司,6,2561.6079999999997,550.088,0.023722505954700657
庄菊-14995,庄菊,消费者,3,2497.04,692.02,0.1272752548340448
庄丹-11935,庄丹,消费者,4,2351.3280000000004,770.588,0.0930221308109673
薛庆-19525,薛庆缘,公司,5,2304.736,196.336,-0.052507069049007746
胡临-17425,胡临耀,公司,3,2300.8999999999996,242.62,0.14975260564889586
何虢-13480,何虢,小型企业,9,2280.4039999999995,-604.0160000000002,-0.4499473482583329
毛庆-19540,毛庆缘,公司,2,2160.06,751.9399999999999,0.26925765836156934
贾芳-12685,贾芳茵,消费者,2,2143.12,108.9199999999999,0.1881502574559671
谈涛-21250,谈涛,消费者,5,2097.3959999999997,450.5759999999999,0.008635675725184639
曹诚-11350,曹诚,公司,1,2037.168,-1086.512,-0.5333443289900489
贾保-10300,贾保,公司,5,1987.2999999999997,66.35999999999996,-1.2229728904707948
巩凤-12880,巩凤,公司,6,1865.6680000000001,313.76800000000003,0.11895974533936626
周冬-12385,周冬露,消费者,2,1848.6999999999998,837.76,0.4647468269639623
陈立-16705,陈立,小型企业,5,1841.0279999999998,326.36800000000005,0.16698920027633946
邱栋-12265,邱栋,消费者,6,1629.5999999999997,-517.7200000000003,-0.14722414398162606
赵芳-12730,赵芳,消费者,6,1529.2200000000003,-194.32,-0.17046845984557465
潘凤-12940,潘凤,小型企业,3,1519.1399999999999,1.4000000000000732,-0.9120889398598444
严强-19435,严强,消费者,4,1331.092,329.672,0.16454763568567876
吕凤-12910,吕凤,小型企业,3,1285.284,338.88399999999996,0.1238659288518758
谭涛-21235,谭涛,公司,3,1204.672,61.01199999999999,0.038212498198365835
梁婵-10825,梁婵娟,公司,1,1086.288,-398.8320000000001,-0.3671512527064647
韩婵-10900,韩婵,消费者,3,889.98,308.0,0.14854206808955986
黄雯-21715,黄雯,小型企业,4,763.0,-286.86,-0.7954497476345092
候武-21850,候武,消费者,3,615.02,84.0,0.14563549461738803
唐木-18430,唐木兰,消费者,2,613.76,240.65999999999997,0.3934935385025313
徐婵-10870,徐婵娟,消费者,3,529.2,166.46,0.22827619620422346
彭丽-16255,彭丽美,公司,2,499.33799999999997,160.398,0.29455432073233123
罗平-19135,罗平,小型企业,1,200.76,3.78,0.01882845188284519
殷涛-21280,殷涛,消费者,1,143.388,-55.27200000000001,-0.3854715875805507
